-- phpMyAdmin SQL Dump
-- version 4.0.10deb1
-- http://www.phpmyadmin.net
--
-- Host: localhost
-- Generation Time: Jun 14, 2016 at 06:42 PM
-- Server version: 5.5.49-0ubuntu0.14.04.1
-- PHP Version: 5.5.9-1ubuntu4.17

SET SQL_MODE = "NO_AUTO_VALUE_ON_ZERO";
SET time_zone = "+00:00";


/*!40101 SET @OLD_CHARACTER_SET_CLIENT=@@CHARACTER_SET_CLIENT */;
/*!40101 SET @OLD_CHARACTER_SET_RESULTS=@@CHARACTER_SET_RESULTS */;
/*!40101 SET @OLD_COLLATION_CONNECTION=@@COLLATION_CONNECTION */;
/*!40101 SET NAMES utf8 */;

--
-- Database: `pms`
--

-- --------------------------------------------------------

--
-- Table structure for table `apples`
--

CREATE TABLE IF NOT EXISTS `apples` (
  `id` int(10) unsigned NOT NULL AUTO_INCREMENT,
  `name` varchar(255) COLLATE utf8_unicode_ci NOT NULL,
  `apple_type_id` int(10) unsigned NOT NULL,
  `created_at` timestamp NULL DEFAULT NULL,
  `updated_at` timestamp NULL DEFAULT NULL,
  PRIMARY KEY (`id`)
) ENGINE=InnoDB  DEFAULT CHARSET=utf8 COLLATE=utf8_unicode_ci AUTO_INCREMENT=61 ;

--
-- Dumping data for table `apples`
--

INSERT INTO `apples` (`id`, `name`, `apple_type_id`, `created_at`, `updated_at`) VALUES
(1, 'Kathleen O''Kon', 6, '2016-05-18 00:54:22', '2016-05-18 00:54:22'),
(2, 'Rocio Heidenreich Jr.', 6, '2016-05-18 00:54:23', '2016-05-18 00:54:23'),
(3, 'Dr. Giles Rodriguez DVM', 5, '2016-05-18 00:54:23', '2016-05-18 00:54:23'),
(4, 'Wilbert Walker', 8, '2016-05-18 00:54:23', '2016-05-18 00:54:23'),
(5, 'Joany Boyle', 2, '2016-05-18 00:54:23', '2016-05-18 00:54:23'),
(6, 'Tessie Walter', 4, '2016-05-18 00:54:23', '2016-05-18 00:54:23'),
(7, 'Fernando Streich', 2, '2016-05-18 00:54:23', '2016-05-18 00:54:23'),
(8, 'Lindsey Smitham', 6, '2016-05-18 00:54:23', '2016-05-18 00:54:23'),
(9, 'Mr. Brice Larkin', 6, '2016-05-18 00:54:23', '2016-05-18 00:54:23'),
(10, 'Prof. Jamison Corkery Jr.', 9, '2016-05-18 00:54:23', '2016-05-18 00:54:23'),
(11, 'Alfonzo Conn', 8, '2016-05-18 00:54:23', '2016-05-18 00:54:23'),
(12, 'Keaton Rutherford', 1, '2016-05-18 00:54:23', '2016-05-18 00:54:23'),
(13, 'Adrian Jacobi II', 5, '2016-05-18 00:54:23', '2016-05-18 00:54:23'),
(14, 'Erika Langworth', 2, '2016-05-18 00:54:23', '2016-05-18 00:54:23'),
(15, 'Arlo Toy', 6, '2016-05-18 00:54:23', '2016-05-18 00:54:23'),
(16, 'Ms. Josefa Beatty', 4, '2016-05-18 00:54:23', '2016-05-18 00:54:23'),
(17, 'Mario Fahey II', 5, '2016-05-18 00:54:23', '2016-05-18 00:54:23'),
(18, 'Mrs. Elody Schaden III', 6, '2016-05-18 00:54:23', '2016-05-18 00:54:23'),
(19, 'Tremayne Cronin', 8, '2016-05-18 00:54:23', '2016-05-18 00:54:23'),
(20, 'Jewel Brekke', 5, '2016-05-18 00:54:23', '2016-05-18 00:54:23'),
(21, 'Modesto Purdy', 9, '2016-05-18 00:54:23', '2016-05-18 00:54:23'),
(22, 'Prof. Eden Bradtke PhD', 8, '2016-05-18 00:54:23', '2016-05-18 00:54:23'),
(23, 'Lora Weber', 9, '2016-05-18 00:54:23', '2016-05-18 00:54:23'),
(24, 'Mr. Alek Collins', 7, '2016-05-18 00:54:23', '2016-05-18 00:54:23'),
(25, 'Dr. Randy Schroeder IV', 5, '2016-05-18 00:54:23', '2016-05-18 00:54:23'),
(26, 'Mr. Benny Lang', 7, '2016-05-18 00:54:23', '2016-05-18 00:54:23'),
(27, 'Dr. Shana Koepp V', 3, '2016-05-18 00:54:23', '2016-05-18 00:54:23'),
(28, 'Mr. Fernando Brakus Sr.', 3, '2016-05-18 00:54:23', '2016-05-18 00:54:23'),
(29, 'Prof. Jedidiah Davis', 6, '2016-05-18 00:54:23', '2016-05-18 00:54:23'),
(30, 'Lenny Pfeffer', 7, '2016-05-18 00:54:23', '2016-05-18 00:54:23'),
(31, 'Dr. Eliezer O''Keefe MD', 5, '2016-05-18 10:40:53', '2016-05-18 10:40:53'),
(32, 'Nicolette Schimmel', 1, '2016-05-18 10:40:53', '2016-05-18 10:40:53'),
(33, 'Gabriella Torp', 8, '2016-05-18 10:40:53', '2016-05-18 10:40:53'),
(34, 'Prof. Brionna Beatty Jr.', 1, '2016-05-18 10:40:53', '2016-05-18 10:40:53'),
(35, 'Ms. Ashleigh Cummerata', 1, '2016-05-18 10:40:53', '2016-05-18 10:40:53'),
(36, 'Dr. Gerry Vandervort IV', 9, '2016-05-18 10:40:53', '2016-05-18 10:40:53'),
(37, 'Miss Edyth Jacobi', 1, '2016-05-18 10:40:53', '2016-05-18 10:40:53'),
(38, 'Keshaun Osinski', 5, '2016-05-18 10:40:53', '2016-05-18 10:40:53'),
(39, 'Coy Becker', 1, '2016-05-18 10:40:53', '2016-05-18 10:40:53'),
(40, 'Else Cassin', 5, '2016-05-18 10:40:53', '2016-05-18 10:40:53'),
(41, 'Charlene Carter', 4, '2016-05-18 10:40:53', '2016-05-18 10:40:53'),
(42, 'Ms. Zoe Spencer', 6, '2016-05-18 10:40:53', '2016-05-18 10:40:53'),
(43, 'Mrs. Alexanne Simonis MD', 4, '2016-05-18 10:40:53', '2016-05-18 10:40:53'),
(44, 'Sonya Braun DVM', 8, '2016-05-18 10:40:53', '2016-05-18 10:40:53'),
(45, 'Devonte Hickle', 8, '2016-05-18 10:40:53', '2016-05-18 10:40:53'),
(46, 'Evert Metz', 8, '2016-05-18 10:40:53', '2016-05-18 10:40:53'),
(47, 'Prof. Candida Bartell MD', 3, '2016-05-18 10:40:53', '2016-05-18 10:40:53'),
(48, 'Jorge Schmeler', 8, '2016-05-18 10:40:53', '2016-05-18 10:40:53'),
(49, 'Orrin Fadel', 1, '2016-05-18 10:40:53', '2016-05-18 10:40:53'),
(50, 'Mr. Waino Murray I', 2, '2016-05-18 10:40:53', '2016-05-18 10:40:53'),
(51, 'Dr. Cullen Upton DVM', 9, '2016-05-18 10:40:53', '2016-05-18 10:40:53'),
(52, 'Dr. Ivah Kling IV', 3, '2016-05-18 10:40:53', '2016-05-18 10:40:53'),
(53, 'Aiyana Lynch', 9, '2016-05-18 10:40:53', '2016-05-18 10:40:53'),
(54, 'Camden Wisoky', 6, '2016-05-18 10:40:53', '2016-05-18 10:40:53'),
(55, 'Elbert Ernser III', 7, '2016-05-18 10:40:53', '2016-05-18 10:40:53'),
(56, 'Chaya Gottlieb', 4, '2016-05-18 10:40:54', '2016-05-18 10:40:54'),
(57, 'Saige Mueller III', 8, '2016-05-18 10:40:54', '2016-05-18 10:40:54'),
(58, 'Marianna Wisozk', 3, '2016-05-18 10:40:54', '2016-05-18 10:40:54'),
(59, 'Brandon Schowalter I', 9, '2016-05-18 10:40:54', '2016-05-18 10:40:54'),
(60, 'Donny Parker', 3, '2016-05-18 10:40:54', '2016-05-18 10:40:54');

-- --------------------------------------------------------

--
-- Table structure for table `apple_types`
--

CREATE TABLE IF NOT EXISTS `apple_types` (
  `id` int(10) unsigned NOT NULL AUTO_INCREMENT,
  `name` varchar(255) COLLATE utf8_unicode_ci NOT NULL,
  `created_at` timestamp NULL DEFAULT NULL,
  `updated_at` timestamp NULL DEFAULT NULL,
  PRIMARY KEY (`id`)
) ENGINE=InnoDB  DEFAULT CHARSET=utf8 COLLATE=utf8_unicode_ci AUTO_INCREMENT=61 ;

--
-- Dumping data for table `apple_types`
--

INSERT INTO `apple_types` (`id`, `name`, `created_at`, `updated_at`) VALUES
(1, 'Lelia Casper', '2016-05-18 00:54:21', '2016-05-18 00:54:21'),
(2, 'Ali Heller', '2016-05-18 00:54:21', '2016-05-18 00:54:21'),
(3, 'Prof. Carleton Stanton', '2016-05-18 00:54:22', '2016-05-18 00:54:22'),
(4, 'Krystal Bergstrom', '2016-05-18 00:54:22', '2016-05-18 00:54:22'),
(5, 'Brigitte Murazik', '2016-05-18 00:54:22', '2016-05-18 00:54:22'),
(6, 'Rhett Hoppe PhD', '2016-05-18 00:54:22', '2016-05-18 00:54:22'),
(7, 'Pierce Harvey Sr.', '2016-05-18 00:54:22', '2016-05-18 00:54:22'),
(8, 'Marco Bergstrom', '2016-05-18 00:54:22', '2016-05-18 00:54:22'),
(9, 'Velma Williamson', '2016-05-18 00:54:22', '2016-05-18 00:54:22'),
(10, 'Kennith Fadel', '2016-05-18 00:54:22', '2016-05-18 00:54:22'),
(11, 'Mr. Dedrick Shanahan I', '2016-05-18 00:54:22', '2016-05-18 00:54:22'),
(12, 'Nathanial Koss', '2016-05-18 00:54:22', '2016-05-18 00:54:22'),
(13, 'Veronica Reichert', '2016-05-18 00:54:22', '2016-05-18 00:54:22'),
(14, 'Mrs. Cassandre Keeling', '2016-05-18 00:54:22', '2016-05-18 00:54:22'),
(15, 'Mr. Charlie Kautzer', '2016-05-18 00:54:22', '2016-05-18 00:54:22'),
(16, 'Adelle Rodriguez', '2016-05-18 00:54:22', '2016-05-18 00:54:22'),
(17, 'Mr. Raven Abernathy', '2016-05-18 00:54:22', '2016-05-18 00:54:22'),
(18, 'Ransom Waelchi', '2016-05-18 00:54:22', '2016-05-18 00:54:22'),
(19, 'Coty Schmeler', '2016-05-18 00:54:22', '2016-05-18 00:54:22'),
(20, 'Lucas Grant', '2016-05-18 00:54:22', '2016-05-18 00:54:22'),
(21, 'Dr. Blaze Witting', '2016-05-18 00:54:22', '2016-05-18 00:54:22'),
(22, 'Miss Katherine Keebler', '2016-05-18 00:54:22', '2016-05-18 00:54:22'),
(23, 'Angelica Zulauf', '2016-05-18 00:54:22', '2016-05-18 00:54:22'),
(24, 'Zoey Dietrich', '2016-05-18 00:54:22', '2016-05-18 00:54:22'),
(25, 'Bernadine Mertz', '2016-05-18 00:54:22', '2016-05-18 00:54:22'),
(26, 'Savanah Wyman', '2016-05-18 00:54:22', '2016-05-18 00:54:22'),
(27, 'Mr. Sid Pouros', '2016-05-18 00:54:22', '2016-05-18 00:54:22'),
(28, 'Prof. Maggie Hudson', '2016-05-18 00:54:22', '2016-05-18 00:54:22'),
(29, 'Jakayla Dibbert', '2016-05-18 00:54:22', '2016-05-18 00:54:22'),
(30, 'Felicita Cartwright', '2016-05-18 00:54:22', '2016-05-18 00:54:22'),
(31, 'Josefa Stark', '2016-05-18 10:40:52', '2016-05-18 10:40:52'),
(32, 'Trisha Kiehn', '2016-05-18 10:40:52', '2016-05-18 10:40:52'),
(33, 'Mrs. Lily Crona', '2016-05-18 10:40:52', '2016-05-18 10:40:52'),
(34, 'Kira Grady', '2016-05-18 10:40:52', '2016-05-18 10:40:52'),
(35, 'Mr. Wilfredo Monahan', '2016-05-18 10:40:52', '2016-05-18 10:40:52'),
(36, 'Chesley Hoppe', '2016-05-18 10:40:52', '2016-05-18 10:40:52'),
(37, 'Kaylah Heaney', '2016-05-18 10:40:52', '2016-05-18 10:40:52'),
(38, 'Kenya Tromp', '2016-05-18 10:40:52', '2016-05-18 10:40:52'),
(39, 'Reynold Fahey', '2016-05-18 10:40:52', '2016-05-18 10:40:52'),
(40, 'Oren Hettinger', '2016-05-18 10:40:52', '2016-05-18 10:40:52'),
(41, 'Theresa Gutmann', '2016-05-18 10:40:52', '2016-05-18 10:40:52'),
(42, 'Victoria Smith III', '2016-05-18 10:40:52', '2016-05-18 10:40:52'),
(43, 'Amanda Effertz', '2016-05-18 10:40:52', '2016-05-18 10:40:52'),
(44, 'Gabrielle Ortiz', '2016-05-18 10:40:52', '2016-05-18 10:40:52'),
(45, 'Myriam Schinner', '2016-05-18 10:40:52', '2016-05-18 10:40:52'),
(46, 'Jewell Wilkinson', '2016-05-18 10:40:52', '2016-05-18 10:40:52'),
(47, 'Ericka Kassulke', '2016-05-18 10:40:52', '2016-05-18 10:40:52'),
(48, 'Dessie Metz IV', '2016-05-18 10:40:52', '2016-05-18 10:40:52'),
(49, 'Ms. Delpha Bogisich', '2016-05-18 10:40:52', '2016-05-18 10:40:52'),
(50, 'Clare Ryan V', '2016-05-18 10:40:52', '2016-05-18 10:40:52'),
(51, 'Dr. Tiana Pouros', '2016-05-18 10:40:52', '2016-05-18 10:40:52'),
(52, 'Prof. Meredith Kreiger', '2016-05-18 10:40:52', '2016-05-18 10:40:52'),
(53, 'Johann Cremin', '2016-05-18 10:40:52', '2016-05-18 10:40:52'),
(54, 'Ila Torp', '2016-05-18 10:40:52', '2016-05-18 10:40:52'),
(55, 'Demarco Bogisich', '2016-05-18 10:40:52', '2016-05-18 10:40:52'),
(56, 'Mr. Maximilian Schmitt PhD', '2016-05-18 10:40:53', '2016-05-18 10:40:53'),
(57, 'Savion Stiedemann', '2016-05-18 10:40:53', '2016-05-18 10:40:53'),
(58, 'Jennifer Hammes', '2016-05-18 10:40:53', '2016-05-18 10:40:53'),
(59, 'Eusebio O''Conner I', '2016-05-18 10:40:53', '2016-05-18 10:40:53'),
(60, 'Elza Hilpert', '2016-05-18 10:40:53', '2016-05-18 10:40:53');

-- --------------------------------------------------------

--
-- Table structure for table `migrations`
--

CREATE TABLE IF NOT EXISTS `migrations` (
  `migration` varchar(255) COLLATE utf8_unicode_ci NOT NULL,
  `batch` int(11) NOT NULL
) ENGINE=InnoDB DEFAULT CHARSET=utf8 COLLATE=utf8_unicode_ci;

--
-- Dumping data for table `migrations`
--

INSERT INTO `migrations` (`migration`, `batch`) VALUES
('2014_10_12_000000_create_users_table', 1),
('2014_10_12_100000_create_password_resets_table', 1),
('2016_05_17_142517_create_tasks_table', 1),
('2016_05_18_035239_create_projects_table', 1),
('2016_05_18_042529_create_apple_types_table', 2),
('2016_05_18_042600_create_apples_table', 2),
('2016_05_18_053735_create_projects_table', 2),
('2016_05_18_054154_create_tasks_table', 2);

-- --------------------------------------------------------

--
-- Table structure for table `password_resets`
--

CREATE TABLE IF NOT EXISTS `password_resets` (
  `email` varchar(255) COLLATE utf8_unicode_ci NOT NULL,
  `token` varchar(255) COLLATE utf8_unicode_ci NOT NULL,
  `created_at` timestamp NOT NULL DEFAULT CURRENT_TIMESTAMP ON UPDATE CURRENT_TIMESTAMP,
  KEY `password_resets_email_index` (`email`),
  KEY `password_resets_token_index` (`token`)
) ENGINE=InnoDB DEFAULT CHARSET=utf8 COLLATE=utf8_unicode_ci;

-- --------------------------------------------------------

--
-- Table structure for table `projects`
--

CREATE TABLE IF NOT EXISTS `projects` (
  `id` int(10) unsigned NOT NULL AUTO_INCREMENT,
  `parent_id` int(11) NOT NULL,
  `name` varchar(255) COLLATE utf8_unicode_ci NOT NULL,
  `description` text COLLATE utf8_unicode_ci NOT NULL,
  `created_at` timestamp NULL DEFAULT NULL,
  `updated_at` timestamp NULL DEFAULT NULL,
  PRIMARY KEY (`id`)
) ENGINE=InnoDB  DEFAULT CHARSET=utf8 COLLATE=utf8_unicode_ci AUTO_INCREMENT=61 ;

--
-- Dumping data for table `projects`
--

INSERT INTO `projects` (`id`, `parent_id`, `name`, `description`, `created_at`, `updated_at`) VALUES
(1, 5, 'Haley Treutel', 'Perferendis et doloribus sed laborum sed quod.', '2016-05-18 00:54:23', '2016-05-18 00:54:23'),
(2, 8, 'Astrid Leannon', 'Eligendi et itaque maxime minus eos totam aut.', '2016-05-18 00:54:24', '2016-05-18 00:54:24'),
(3, 2, 'Jadyn Bayer', 'Enim quasi at non dolorem eligendi perspiciatis rerum et.', '2016-05-18 00:54:24', '2016-05-18 00:54:24'),
(4, 8, 'Mr. Norbert Hahn', 'Delectus consequuntur nobis fugiat voluptatibus.', '2016-05-18 00:54:24', '2016-05-18 00:54:24'),
(5, 8, 'Elda Gaylord', 'Est saepe veniam nostrum dolore est accusamus ea.', '2016-05-18 00:54:24', '2016-05-18 00:54:24'),
(6, 8, 'Dr. Chelsie Hermann', 'Delectus incidunt at dolore totam et veritatis alias.', '2016-05-18 00:54:24', '2016-05-18 00:54:24'),
(7, 7, 'Mrs. Elza Schaefer', 'Ratione laudantium placeat voluptate consequuntur explicabo.', '2016-05-18 00:54:24', '2016-05-18 00:54:24'),
(8, 5, 'Agnes Mayert Sr.', 'Sapiente eius ipsa id veniam quaerat.', '2016-05-18 00:54:24', '2016-05-18 00:54:24'),
(9, 9, 'Lenna White', 'Quia soluta mollitia ducimus velit voluptatum odit officiis facilis.', '2016-05-18 00:54:24', '2016-05-18 00:54:24'),
(10, 2, 'Daija Jast I', 'Est quibusdam est aperiam voluptatem autem ipsam.', '2016-05-18 00:54:24', '2016-05-18 00:54:24'),
(11, 3, 'Johnathon Little', 'Debitis error deserunt fuga voluptas ipsum.', '2016-05-18 00:54:24', '2016-05-18 00:54:24'),
(12, 9, 'Delores Kihn II', 'Dolor repellat ad quia quia voluptatem.', '2016-05-18 00:54:24', '2016-05-18 00:54:24'),
(13, 6, 'Maximillia O''Hara', 'Autem eos culpa eum expedita dolore recusandae.', '2016-05-18 00:54:24', '2016-05-18 00:54:24'),
(14, 2, 'Leonora Schultz', 'Necessitatibus pariatur aut eos quos sunt.', '2016-05-18 00:54:24', '2016-05-18 00:54:24'),
(15, 5, 'Cyrus DuBuque', 'Est quidem deleniti error minima maiores cum.', '2016-05-18 00:54:24', '2016-05-18 00:54:24'),
(16, 6, 'Autumn Berge Jr.', 'Aut est saepe nostrum ex.', '2016-05-18 00:54:24', '2016-05-18 00:54:24'),
(17, 3, 'Destiny Wehner', 'Veniam a ducimus ea provident ratione aperiam rerum.', '2016-05-18 00:54:24', '2016-05-18 00:54:24'),
(18, 4, 'Lloyd Simonis III', 'Sed et facilis nobis minus.', '2016-05-18 00:54:24', '2016-05-18 00:54:24'),
(19, 5, 'Gia Reichel', 'Id repudiandae atque possimus.', '2016-05-18 00:54:24', '2016-05-18 00:54:24'),
(20, 2, 'Macey Robel', 'Sequi incidunt quaerat temporibus quisquam est maiores.', '2016-05-18 00:54:24', '2016-05-18 00:54:24'),
(21, 4, 'Berry Hills', 'Autem magnam aut temporibus consequatur magnam odit.', '2016-05-18 00:54:24', '2016-05-18 00:54:24'),
(22, 8, 'Carmela Rutherford', 'Nam enim veritatis pariatur officiis earum id.', '2016-05-18 00:54:24', '2016-05-18 00:54:24'),
(23, 1, 'Benton Torp', 'Sit ut illum veritatis vel.', '2016-05-18 00:54:24', '2016-05-18 00:54:24'),
(24, 1, 'Matilde Turner IV', 'Consectetur debitis non sed natus voluptatem.', '2016-05-18 00:54:24', '2016-05-18 00:54:24'),
(25, 7, 'Christelle Howell', 'Accusantium quo et cum eveniet.', '2016-05-18 00:54:24', '2016-05-18 00:54:24'),
(26, 5, 'Ellis Willms', 'Dolore inventore est hic fugit fuga nihil voluptatem.', '2016-05-18 00:54:24', '2016-05-18 00:54:24'),
(27, 6, 'Mr. Russell Beatty Jr.', 'Sint nihil iste excepturi pariatur eaque est.', '2016-05-18 00:54:24', '2016-05-18 00:54:24'),
(28, 9, 'Prof. Elnora Larson Jr.', 'In maiores iste quo consequatur et voluptatem.', '2016-05-18 00:54:24', '2016-05-18 00:54:24'),
(29, 3, 'Marjorie Mitchell', 'Placeat et delectus et vel non voluptate.', '2016-05-18 00:54:24', '2016-05-18 00:54:24'),
(30, 4, 'Dr. Niko Skiles', 'Necessitatibus tenetur perspiciatis dolores doloribus repudiandae.', '2016-05-18 00:54:24', '2016-05-18 00:54:24'),
(31, 8, 'Lincoln Gaylord', 'Quia dolorem aspernatur et dolores explicabo voluptate.', '2016-05-18 10:40:49', '2016-05-18 10:40:49'),
(32, 1, 'Deja Beatty', 'Nihil vitae vel sint nisi.', '2016-05-18 10:40:49', '2016-05-18 10:40:49'),
(33, 8, 'Clementina Williamson', 'Et molestiae enim officia iusto rem aut.', '2016-05-18 10:40:49', '2016-05-18 10:40:49'),
(34, 6, 'Dr. Benjamin Ritchie', 'Aliquam culpa incidunt rerum nulla rem soluta.', '2016-05-18 10:40:49', '2016-05-18 10:40:49'),
(35, 7, 'Erna Bashirian II', 'Nisi suscipit excepturi praesentium fugiat.', '2016-05-18 10:40:49', '2016-05-18 10:40:49'),
(36, 2, 'Prof. Travon Klocko', 'Sint consequatur error non ut.', '2016-05-18 10:40:49', '2016-05-18 10:40:49'),
(37, 9, 'Reyna Wunsch', 'Aut nihil veritatis quod voluptas.', '2016-05-18 10:40:49', '2016-05-18 10:40:49'),
(38, 8, 'Cale Waelchi', 'Ipsam aspernatur dignissimos totam eligendi sequi ad.', '2016-05-18 10:40:49', '2016-05-18 10:40:49'),
(39, 5, 'Giuseppe Kuvalis', 'Consectetur enim quia fuga unde fugit in.', '2016-05-18 10:40:49', '2016-05-18 10:40:49'),
(40, 7, 'Daniela Swift', 'Est autem et sint possimus dolor autem saepe.', '2016-05-18 10:40:49', '2016-05-18 10:40:49'),
(41, 5, 'Lorenzo Douglas', 'Non laudantium consequatur et voluptatem non.', '2016-05-18 10:40:49', '2016-05-18 10:40:49'),
(42, 3, 'Christ Johns', 'Soluta est culpa dicta necessitatibus cumque magni mollitia.', '2016-05-18 10:40:49', '2016-05-18 10:40:49'),
(43, 9, 'Dr. Demetris Beer Jr.', 'Libero magnam mollitia voluptas.', '2016-05-18 10:40:49', '2016-05-18 10:40:49'),
(44, 8, 'Julie Stokes', 'Necessitatibus quasi consequatur facere aut ut illo.', '2016-05-18 10:40:49', '2016-05-18 10:40:49'),
(45, 3, 'Mr. Theron Thiel', 'Est sequi cupiditate dolorum est dolor.', '2016-05-18 10:40:49', '2016-05-18 10:40:49'),
(46, 9, 'Hobart Ferry', 'Corporis dolores quibusdam fuga et harum.', '2016-05-18 10:40:49', '2016-05-18 10:40:49'),
(47, 3, 'Britney Reichel', 'Doloribus ipsa voluptas voluptas.', '2016-05-18 10:40:49', '2016-05-18 10:40:49'),
(48, 5, 'Dr. Preston Windler', 'Et qui consequatur ipsum rem repudiandae neque sed.', '2016-05-18 10:40:49', '2016-05-18 10:40:49'),
(49, 9, 'Asia Larson', 'Harum repellat tenetur velit aspernatur aliquid.', '2016-05-18 10:40:49', '2016-05-18 10:40:49'),
(50, 2, 'Carley White', 'Saepe est enim quidem facere natus.', '2016-05-18 10:40:49', '2016-05-18 10:40:49'),
(51, 2, 'Dr. Carter Little', 'Molestiae iusto repellendus pariatur sequi.', '2016-05-18 10:40:49', '2016-05-18 10:40:49'),
(52, 4, 'Ceasar Lehner', 'Deleniti sapiente a velit autem accusamus odio omnis.', '2016-05-18 10:40:49', '2016-05-18 10:40:49'),
(53, 9, 'Dr. Nathan Nienow', 'Ex corrupti sapiente qui aut autem porro reiciendis doloribus.', '2016-05-18 10:40:49', '2016-05-18 10:40:49'),
(54, 7, 'Prof. Ashton Hackett', 'Eos voluptatem nulla iure autem aliquid consequatur.', '2016-05-18 10:40:49', '2016-05-18 10:40:49'),
(55, 7, 'Dr. Brendan Pfeffer DDS', 'Dicta modi id sed iste.', '2016-05-18 10:40:49', '2016-05-18 10:40:49'),
(56, 1, 'Issac Hirthe Jr.', 'Incidunt necessitatibus quia sit quia.', '2016-05-18 10:40:50', '2016-05-18 10:40:50'),
(57, 4, 'Leopoldo Bradtke', 'Voluptas dolores enim deleniti aut ullam.', '2016-05-18 10:40:50', '2016-05-18 10:40:50'),
(58, 1, 'Schuyler Runolfsson', 'Id vitae et eum.', '2016-05-18 10:40:50', '2016-05-18 10:40:50'),
(59, 4, 'Precious Wiegand', 'Voluptas et qui nihil exercitationem sapiente dolore inventore.', '2016-05-18 10:40:50', '2016-05-18 10:40:50'),
(60, 2, 'Dr. Addison Rohan', 'Accusantium dolorem corporis et molestias enim.', '2016-05-18 10:40:50', '2016-05-18 10:40:50');

-- --------------------------------------------------------

--
-- Table structure for table `tasks`
--

CREATE TABLE IF NOT EXISTS `tasks` (
  `id` int(10) unsigned NOT NULL AUTO_INCREMENT,
  `parent_id` int(11) NOT NULL,
  `project_id` int(11) NOT NULL,
  `name` varchar(255) COLLATE utf8_unicode_ci NOT NULL,
  `description` text COLLATE utf8_unicode_ci NOT NULL,
  `created_at` timestamp NULL DEFAULT NULL,
  `updated_at` timestamp NULL DEFAULT NULL,
  PRIMARY KEY (`id`)
) ENGINE=InnoDB  DEFAULT CHARSET=utf8 COLLATE=utf8_unicode_ci AUTO_INCREMENT=125 ;

--
-- Dumping data for table `tasks`
--

INSERT INTO `tasks` (`id`, `parent_id`, `project_id`, `name`, `description`, `created_at`, `updated_at`) VALUES
(1, 1, 6, 'Prof. Erna Boyle', 'Eos mollitia officiis voluptas in error.', '2016-05-18 00:54:25', '2016-05-18 00:54:25'),
(2, 2, 6, 'Mr. Raymundo Hand', 'Aspernatur ducimus tempore sunt quos est exercitationem et cupiditate.', '2016-05-18 00:54:25', '2016-05-18 00:54:25'),
(3, 9, 3, 'Dr. Osvaldo Morar MD', 'Non rem et fugiat et quam reprehenderit sed minima.', '2016-05-18 00:54:25', '2016-05-18 00:54:25'),
(4, 9, 5, 'Kaylin Nitzsche', 'Ex dignissimos sint nisi eligendi quo aperiam quia.', '2016-05-18 00:54:25', '2016-05-18 00:54:25'),
(5, 6, 9, 'Perry Larson', 'Non ut ut possimus debitis neque nam corporis.', '2016-05-18 00:54:25', '2016-05-18 00:54:25'),
(6, 8, 2, 'Deron Kohler V', 'Qui ut eaque velit.', '2016-05-18 00:54:25', '2016-05-18 00:54:25'),
(7, 8, 4, 'Mr. Madyson Kris MD', 'Dolorum reiciendis laudantium alias animi qui.', '2016-05-18 00:54:25', '2016-05-18 00:54:25'),
(8, 2, 4, 'Madyson Bode', 'Quos dolorem et voluptatem et unde.', '2016-05-18 00:54:25', '2016-05-18 00:54:25'),
(9, 7, 8, 'Emerson Gislason', 'Corrupti dolore aut sunt aut.', '2016-05-18 00:54:25', '2016-05-18 00:54:25'),
(10, 8, 4, 'Walker Goodwin', 'Ea blanditiis aut omnis recusandae vitae.', '2016-05-18 00:54:25', '2016-05-18 00:54:25'),
(11, 9, 6, 'Mrs. Lina Abbott', 'Eveniet iusto repellat tempore error illo.', '2016-05-18 00:54:25', '2016-05-18 00:54:25'),
(12, 3, 4, 'Prof. Kayli Ankunding V', 'Sint mollitia saepe commodi aut.', '2016-05-18 00:54:25', '2016-05-18 00:54:25'),
(13, 2, 3, 'Mr. Hadley Hyatt Sr.', 'Adipisci ut voluptatem rerum non et.', '2016-05-18 00:54:25', '2016-05-18 00:54:25'),
(14, 4, 5, 'Dr. Katharina Corwin DDS', 'Officiis et modi consequatur omnis ut dolor qui id.', '2016-05-18 00:54:25', '2016-05-18 00:54:25'),
(15, 8, 1, 'Natalie Ritchie', 'Voluptate magnam eveniet quas cum et sint officia.', '2016-05-18 00:54:25', '2016-05-18 00:54:25'),
(16, 3, 2, 'Miss Elisa Cruickshank DVM', 'Praesentium qui aspernatur magnam quia ut.', '2016-05-18 00:54:25', '2016-05-18 00:54:25'),
(17, 7, 4, 'Mr. Kristofer Langworth MD', 'Voluptatem ipsum et doloremque nisi facere.', '2016-05-18 00:54:25', '2016-05-18 00:54:25'),
(18, 8, 4, 'Ashlee Green III', 'Porro harum qui qui.', '2016-05-18 00:54:25', '2016-05-18 00:54:25'),
(19, 6, 8, 'Zella Bahringer', 'Sed qui ex voluptate distinctio.', '2016-05-18 00:54:25', '2016-05-18 00:54:25'),
(20, 1, 4, 'Opal Rutherford', 'Velit molestiae possimus corrupti earum velit.', '2016-05-18 00:54:25', '2016-05-18 00:54:25'),
(21, 6, 9, 'Fermin Prosacco', 'Dicta voluptatibus voluptates et praesentium facere.', '2016-05-18 00:54:25', '2016-05-18 00:54:25'),
(22, 8, 5, 'Antwan Bergstrom V', 'Adipisci assumenda et molestias consectetur.', '2016-05-18 00:54:25', '2016-05-18 00:54:25'),
(23, 5, 3, 'Prof. Melyna Fisher PhD', 'Aut sapiente molestias dolores ut dolorem.', '2016-05-18 00:54:25', '2016-05-18 00:54:25'),
(24, 5, 7, 'Joany Bailey', 'Non minima dignissimos velit accusantium nobis sint est corporis.', '2016-05-18 00:54:25', '2016-05-18 00:54:25'),
(25, 5, 8, 'Dr. Rosie Buckridge III', 'Odit at maiores harum officia.', '2016-05-18 00:54:25', '2016-05-18 00:54:25'),
(26, 3, 8, 'Tevin Hansen', 'Molestias in minima non non sit.', '2016-05-18 00:54:25', '2016-05-18 00:54:25'),
(27, 1, 4, 'Dr. Judah Schinner', 'Quae illo quod ratione consequatur nihil inventore.', '2016-05-18 00:54:25', '2016-05-18 00:54:25'),
(28, 7, 1, 'Brando Sawayn', 'Omnis consequatur enim est adipisci omnis pariatur.', '2016-05-18 00:54:25', '2016-05-18 00:54:25'),
(29, 3, 5, 'Miss Nola Zieme MD', 'Nam aut quidem id hic.', '2016-05-18 00:54:25', '2016-05-18 00:54:25'),
(30, 8, 6, 'Prof. Vincent Konopelski IV', 'Dolorem numquam est delectus sit error laborum.', '2016-05-18 00:54:26', '2016-05-18 00:54:26'),
(31, 4, 7, 'Kara Brakus', 'Ducimus natus id ex necessitatibus voluptas possimus tenetur.', '2016-05-18 00:54:26', '2016-05-18 00:54:26'),
(32, 8, 9, 'Lilyan Spencer', 'Possimus deserunt accusantium quia et quo voluptatibus.', '2016-05-18 00:54:26', '2016-05-18 00:54:26'),
(33, 3, 7, 'Katarina McClure', 'Sequi alias sed dicta.', '2016-05-18 00:54:26', '2016-05-18 00:54:26'),
(34, 8, 7, 'Hailie Ratke', 'Tenetur omnis eligendi reiciendis molestiae et necessitatibus consequatur.', '2016-05-18 00:54:26', '2016-05-18 00:54:26'),
(35, 4, 6, 'Adriana Mohr', 'Dolor quibusdam iusto omnis.', '2016-05-18 00:54:26', '2016-05-18 00:54:26'),
(36, 7, 9, 'Dr. Orin Hamill', 'Rerum itaque nihil necessitatibus dolores ut quam neque.', '2016-05-18 00:54:26', '2016-05-18 00:54:26'),
(37, 3, 2, 'Eldridge Grady', 'Provident ipsam impedit excepturi in velit veniam dolores.', '2016-05-18 00:54:26', '2016-05-18 00:54:26'),
(38, 5, 1, 'Dr. Noemi Senger', 'Nihil voluptatem quis rem in ea.', '2016-05-18 00:54:26', '2016-05-18 00:54:26'),
(39, 4, 3, 'Ms. Linnie Tromp DDS', 'Soluta earum labore fugit autem.', '2016-05-18 00:54:26', '2016-05-18 00:54:26'),
(40, 4, 7, 'Yasmine Kunze', 'Voluptatem iusto possimus ut debitis aliquam non.', '2016-05-18 00:54:26', '2016-05-18 00:54:26'),
(41, 5, 3, 'Prof. Einar Will', 'Rerum voluptate fugit dignissimos sed architecto.', '2016-05-18 00:54:26', '2016-05-18 00:54:26'),
(42, 5, 5, 'Brandon Hermann V', 'Quaerat reprehenderit eum impedit nemo a optio.', '2016-05-18 00:54:26', '2016-05-18 00:54:26'),
(43, 6, 6, 'Suzanne Krajcik', 'Cum hic pariatur est dicta adipisci mollitia et nihil.', '2016-05-18 00:54:26', '2016-05-18 00:54:26'),
(44, 7, 7, 'Spencer Tremblay', 'Et nulla qui possimus ut nam accusantium et.', '2016-05-18 00:54:26', '2016-05-18 00:54:26'),
(45, 8, 8, 'Tyreek Senger', 'Possimus quasi quas doloremque.', '2016-05-18 00:54:26', '2016-05-18 00:54:26'),
(46, 7, 8, 'Mr. Maxime Osinski Jr.', 'Placeat animi est asperiores vitae a non non.', '2016-05-18 00:54:26', '2016-05-18 00:54:26'),
(47, 3, 2, 'Crystal Toy', 'Sed ut voluptatem dolor vero cupiditate.', '2016-05-18 00:54:26', '2016-05-18 00:54:26'),
(48, 9, 1, 'Ed Toy DDS', 'Vero esse aut optio aut quidem minima debitis.', '2016-05-18 00:54:26', '2016-05-18 00:54:26'),
(49, 1, 9, 'Lacy Reichert', 'Possimus commodi enim pariatur eum quaerat.', '2016-05-18 00:54:26', '2016-05-18 00:54:26'),
(50, 4, 1, 'Mr. Abdiel Metz', 'Dolores aut occaecati ut sed veritatis.', '2016-05-18 00:54:26', '2016-05-18 00:54:26'),
(51, 6, 9, 'Rory Gleason IV', 'Consequatur quia assumenda dolore sed.', '2016-05-18 00:54:26', '2016-05-18 00:54:26'),
(52, 9, 8, 'Marina Kohler DVM', 'Ex beatae ex molestiae quaerat aspernatur itaque.', '2016-05-18 00:54:26', '2016-05-18 00:54:26'),
(53, 7, 3, 'Prof. Jacey Mante', 'Expedita et illo officia.', '2016-05-18 00:54:26', '2016-05-18 00:54:26'),
(54, 9, 5, 'Dr. Ralph Eichmann Sr.', 'Id qui nesciunt ratione necessitatibus facilis.', '2016-05-18 00:54:26', '2016-05-18 00:54:26'),
(55, 7, 9, 'Hyman Deckow DVM', 'Rerum molestiae sed et.', '2016-05-18 00:54:26', '2016-05-18 00:54:26'),
(56, 2, 4, 'Lea Reinger', 'Molestias consequuntur vel repellat doloribus ab et.', '2016-05-18 00:54:26', '2016-05-18 00:54:26'),
(57, 4, 9, 'Shyanne Goodwin', 'Nemo cum qui mollitia quia.', '2016-05-18 00:54:27', '2016-05-18 00:54:27'),
(58, 4, 2, 'Riley O''Conner', 'Quo sint veritatis ipsa.', '2016-05-18 00:54:27', '2016-05-18 00:54:27'),
(59, 3, 1, 'Rupert Jaskolski', 'Eos voluptatem autem iusto ducimus sunt.', '2016-05-18 00:54:27', '2016-05-18 00:54:27'),
(60, 5, 8, 'Matilda Gottlieb', 'Est et quia est repellendus.', '2016-05-18 00:54:27', '2016-05-18 00:54:27'),
(63, 1, 1, 'aaa', 'aa', '2016-05-18 02:31:11', '2016-05-18 02:31:11'),
(64, 0, 1, 'zzzz', 'zzzz', '2016-05-18 02:53:25', '2016-05-18 02:53:25'),
(65, 8, 8, 'Peter Conroy', 'Officia suscipit a ut quis corporis ipsam quia.', '2016-05-18 10:40:50', '2016-05-18 10:40:50'),
(66, 4, 4, 'Haylie Cronin DVM', 'Sequi ullam delectus dolorem quas omnis sit repudiandae aut.', '2016-05-18 10:40:50', '2016-05-18 10:40:50'),
(67, 5, 6, 'Mrs. Christine Olson II', 'Ipsam voluptas sed molestiae animi neque quis minima.', '2016-05-18 10:40:50', '2016-05-18 10:40:50'),
(68, 5, 4, 'Peyton Feil', 'Non incidunt officia sit voluptatem libero.', '2016-05-18 10:40:50', '2016-05-18 10:40:50'),
(69, 4, 8, 'Dante Russel', 'Facere laborum perferendis tenetur veniam minima quaerat.', '2016-05-18 10:40:50', '2016-05-18 10:40:50'),
(70, 7, 5, 'Jordyn Batz I', 'Velit voluptatem velit quasi debitis quasi quas est necessitatibus.', '2016-05-18 10:40:50', '2016-05-18 10:40:50'),
(71, 5, 7, 'Deborah Kuphal', 'Et harum minima in aperiam sed.', '2016-05-18 10:40:50', '2016-05-18 10:40:50'),
(72, 9, 4, 'Samantha Graham PhD', 'Dolor esse voluptatibus et.', '2016-05-18 10:40:50', '2016-05-18 10:40:50'),
(73, 2, 7, 'Darion Morissette', 'Ipsum sequi amet eligendi neque.', '2016-05-18 10:40:50', '2016-05-18 10:40:50'),
(74, 4, 5, 'Karelle Kunde', 'Et est et consequuntur enim nesciunt libero.', '2016-05-18 10:40:50', '2016-05-18 10:40:50'),
(75, 4, 3, 'Shaniya Wehner', 'Aliquid voluptates hic corporis nemo praesentium.', '2016-05-18 10:40:50', '2016-05-18 10:40:50'),
(76, 3, 1, 'Hiram Ledner', 'Voluptatibus quia quos eos in saepe eum id.', '2016-05-18 10:40:50', '2016-05-18 10:40:50'),
(77, 7, 5, 'Grant Trantow Sr.', 'Iure laboriosam pariatur labore doloremque iste eum et.', '2016-05-18 10:40:50', '2016-05-18 10:40:50'),
(78, 1, 9, 'Mrs. Nedra Gottlieb Sr.', 'In autem ut odio.', '2016-05-18 10:40:50', '2016-05-18 10:40:50'),
(79, 1, 9, 'Larissa Schmidt DVM', 'Quod sint magnam sunt.', '2016-05-18 10:40:50', '2016-05-18 10:40:50'),
(80, 5, 3, 'Mrs. Tiffany Baumbach', 'Nam occaecati voluptates quia mollitia.', '2016-05-18 10:40:50', '2016-05-18 10:40:50'),
(81, 9, 9, 'Marietta Schinner', 'Voluptatem voluptas aut aspernatur.', '2016-05-18 10:40:50', '2016-05-18 10:40:50'),
(82, 1, 8, 'Skye Bogan MD', 'Maxime voluptatem eum deleniti sed vero accusamus.', '2016-05-18 10:40:50', '2016-05-18 10:40:50'),
(83, 1, 2, 'Frank Batz', 'Facere omnis rerum soluta incidunt illum temporibus.', '2016-05-18 10:40:50', '2016-05-18 10:40:50'),
(84, 3, 5, 'Dortha Kunde', 'Recusandae nam corporis vel pariatur aut.', '2016-05-18 10:40:50', '2016-05-18 10:40:50'),
(85, 4, 2, 'Miss Beatrice Mante DDS', 'Amet nulla in totam aut.', '2016-05-18 10:40:50', '2016-05-18 10:40:50'),
(86, 8, 6, 'Prof. Stanford Kuhic IV', 'Quos vel suscipit consequatur voluptatibus voluptatibus.', '2016-05-18 10:40:50', '2016-05-18 10:40:50'),
(87, 5, 1, 'Jaqueline Goldner', 'Totam sit et dolor et tempora.', '2016-05-18 10:40:50', '2016-05-18 10:40:50'),
(88, 8, 4, 'Ms. Teresa Turner', 'Itaque dolores aut pariatur debitis fugiat.', '2016-05-18 10:40:50', '2016-05-18 10:40:50'),
(89, 6, 3, 'Torrance Douglas', 'Et sit iste quia qui dolorem.', '2016-05-18 10:40:50', '2016-05-18 10:40:50'),
(90, 7, 3, 'Sabina Brakus', 'Provident sit consequatur aperiam et ut quis.', '2016-05-18 10:40:50', '2016-05-18 10:40:50'),
(91, 3, 8, 'Prof. Alisa Feest', 'Est qui officia praesentium quos.', '2016-05-18 10:40:51', '2016-05-18 10:40:51'),
(92, 3, 2, 'Clifford Lockman', 'Quo voluptates voluptatem aut velit odio accusamus.', '2016-05-18 10:40:51', '2016-05-18 10:40:51'),
(93, 6, 3, 'Prof. Arno Murphy', 'Minima rerum possimus sed molestiae.', '2016-05-18 10:40:51', '2016-05-18 10:40:51'),
(94, 6, 3, 'Ericka Osinski', 'Ut provident eum ut libero voluptate nisi.', '2016-05-18 10:40:51', '2016-05-18 10:40:51'),
(95, 9, 1, 'Aurelia Conn', 'Est voluptas in vitae.', '2016-05-18 10:40:51', '2016-05-18 10:40:51'),
(96, 8, 4, 'Alisha Ortiz', 'Suscipit cumque doloribus qui neque.', '2016-05-18 10:40:51', '2016-05-18 10:40:51'),
(97, 4, 8, 'Jabari Casper', 'Est non enim et omnis perferendis voluptas qui.', '2016-05-18 10:40:51', '2016-05-18 10:40:51'),
(98, 2, 2, 'Enos Kozey DVM', 'Eum cumque nulla error sed quis illum porro.', '2016-05-18 10:40:51', '2016-05-18 10:40:51'),
(99, 5, 2, 'America Corwin', 'Molestiae deleniti suscipit consequatur labore.', '2016-05-18 10:40:51', '2016-05-18 10:40:51'),
(100, 2, 7, 'Mrs. Birdie Labadie I', 'Est ipsam officiis culpa labore velit.', '2016-05-18 10:40:51', '2016-05-18 10:40:51'),
(101, 2, 4, 'Dennis Hagenes', 'Tenetur aut cupiditate nemo sed non repellat.', '2016-05-18 10:40:51', '2016-05-18 10:40:51'),
(102, 4, 1, 'Vinnie Collier', 'In rerum impedit dolores autem sit est quo.', '2016-05-18 10:40:51', '2016-05-18 10:40:51'),
(103, 1, 2, 'Ms. Jeanie Pouros DDS', 'Consequatur ad esse voluptates porro.', '2016-05-18 10:40:51', '2016-05-18 10:40:51'),
(104, 2, 2, 'Ryder Brakus', 'Eum distinctio veniam expedita earum.', '2016-05-18 10:40:51', '2016-05-18 10:40:51'),
(105, 4, 1, 'Sadye Leannon', 'Nulla accusantium explicabo qui enim et non aut.', '2016-05-18 10:40:51', '2016-05-18 10:40:51'),
(106, 1, 8, 'Dominic Wilderman', 'Assumenda pariatur rerum et vel ullam illum nisi.', '2016-05-18 10:40:51', '2016-05-18 10:40:51'),
(107, 5, 1, 'Kelley Marquardt', 'Eligendi mollitia est molestiae quia quaerat.', '2016-05-18 10:40:51', '2016-05-18 10:40:51'),
(108, 7, 4, 'Chelsey Okuneva', 'Eligendi libero ad delectus est animi fuga.', '2016-05-18 10:40:51', '2016-05-18 10:40:51'),
(109, 5, 9, 'Nelle Herman PhD', 'Magnam cum vero voluptates sed dolor itaque animi doloribus.', '2016-05-18 10:40:51', '2016-05-18 10:40:51'),
(110, 5, 3, 'Mrs. Carole Gottlieb I', 'Consequatur velit ab ut eum et quia quo.', '2016-05-18 10:40:51', '2016-05-18 10:40:51'),
(111, 2, 6, 'Mr. Nathan Haley', 'Perferendis aut tempore eum sint atque.', '2016-05-18 10:40:51', '2016-05-18 10:40:51'),
(112, 2, 3, 'Dr. Cayla Cassin V', 'Qui totam quia eveniet saepe numquam expedita accusamus.', '2016-05-18 10:40:51', '2016-05-18 10:40:51'),
(113, 6, 3, 'Aric Herzog', 'Repudiandae maiores facere quis incidunt.', '2016-05-18 10:40:51', '2016-05-18 10:40:51'),
(114, 3, 4, 'Dina Marvin', 'Ratione quia quam aspernatur aut vel quo.', '2016-05-18 10:40:51', '2016-05-18 10:40:51'),
(115, 2, 4, 'Gretchen Deckow V', 'Similique voluptatem blanditiis nesciunt praesentium iure sunt.', '2016-05-18 10:40:51', '2016-05-18 10:40:51'),
(116, 5, 8, 'Garnett Bartoletti', 'Cupiditate debitis omnis nesciunt rem sed repellat.', '2016-05-18 10:40:51', '2016-05-18 10:40:51'),
(117, 1, 6, 'Prof. Forrest Koch PhD', 'Adipisci velit pariatur et perspiciatis cupiditate esse iste illo.', '2016-05-18 10:40:51', '2016-05-18 10:40:51'),
(118, 1, 2, 'Miss Kenya Carroll', 'Necessitatibus numquam sit nostrum doloremque aspernatur.', '2016-05-18 10:40:51', '2016-05-18 10:40:51'),
(119, 9, 5, 'Sonia Price V', 'Optio quaerat nisi aliquid rem nam qui et itaque.', '2016-05-18 10:40:51', '2016-05-18 10:40:51'),
(120, 8, 8, 'Dr. Cristopher Purdy IV', 'Est saepe reiciendis quas inventore.', '2016-05-18 10:40:51', '2016-05-18 10:40:51'),
(121, 8, 8, 'Betty Goldner', 'Enim cumque minus dolores et autem.', '2016-05-18 10:40:52', '2016-05-18 10:40:52'),
(122, 5, 2, 'Bradly Schinner', 'Rerum est aut enim reiciendis.', '2016-05-18 10:40:52', '2016-05-18 10:40:52'),
(123, 6, 3, 'Prof. Tod Bradtke', 'Ab eveniet dolore qui dolore consequatur totam atque.', '2016-05-18 10:40:52', '2016-05-18 10:40:52'),
(124, 8, 3, 'Mrs. Deborah Donnelly DDS', 'Eligendi nobis necessitatibus vel.', '2016-05-18 10:40:52', '2016-05-18 10:40:52');

-- --------------------------------------------------------

--
-- Table structure for table `users`
--

CREATE TABLE IF NOT EXISTS `users` (
  `id` int(10) unsigned NOT NULL AUTO_INCREMENT,
  `name` varchar(255) COLLATE utf8_unicode_ci NOT NULL,
  `email` varchar(255) COLLATE utf8_unicode_ci NOT NULL,
  `password` varchar(255) COLLATE utf8_unicode_ci NOT NULL,
  `remember_token` varchar(100) COLLATE utf8_unicode_ci DEFAULT NULL,
  `created_at` timestamp NULL DEFAULT NULL,
  `updated_at` timestamp NULL DEFAULT NULL,
  PRIMARY KEY (`id`),
  UNIQUE KEY `users_email_unique` (`email`)
) ENGINE=InnoDB  DEFAULT CHARSET=utf8 COLLATE=utf8_unicode_ci AUTO_INCREMENT=2 ;

--
-- Dumping data for table `users`
--

INSERT INTO `users` (`id`, `name`, `email`, `password`, `remember_token`, `created_at`, `updated_at`) VALUES
(1, 'ashfaq', 'ashfaq@gmail.com', '$2y$10$.ghBvEA7Gyrl1U5uewzGD.yoFF8R.x63S/H0W/gA3pc5s1mykimQS', 'kjjDzJ5sTdo5jjc2piqaLJHF7PI0KK7JhSzZyl5XevZ82OhW85PAPphsU1YP', '2016-05-17 23:27:49', '2016-06-13 01:05:14');

/*!40101 SET CHARACTER_SET_CLIENT=@OLD_CHARACTER_SET_CLIENT */;
/*!40101 SET CHARACTER_SET_RESULTS=@OLD_CHARACTER_SET_RESULTS */;
/*!40101 SET COLLATION_CONNECTION=@OLD_COLLATION_CONNECTION */;
